<?xml version="1.0" encoding="UTF-8"?>
<project-private xmlns="http://www.netbeans.org/ns/project-private/1">
    <editor-bookmarks xmlns="http://www.netbeans.org/ns/editor-bookmarks/2" lastBookmarkId="0"/>
    <open-files xmlns="http://www.netbeans.org/ns/projectui-open-files/2">
        <group>
            <file>file:/home/jacquet/JacquetDocs/Trabalho-final-java-2022.2/src/Interface_grafica/AgendaPacientetela.java</file>
            <file>file:/home/jacquet/JacquetDocs/Trabalho-final-java-2022.2/src/Interface_grafica/loginTela.java</file>
            <file>file:/home/jacquet/JacquetDocs/Trabalho-final-java-2022.2/src/Interface_grafica/CadastroMedico.java</file>
            <file>file:/home/jacquet/JacquetDocs/Trabalho-final-java-2022.2/src/Interface_grafica/imprime.java</file>
            <file>file:/home/jacquet/JacquetDocs/Trabalho-final-java-2022.2/src/Action/PacienteClinica.java</file>
            <file>file:/home/jacquet/JacquetDocs/Trabalho-final-java-2022.2/src/Interface_grafica/PaginaDeBemVindo.java</file>
            <file>file:/home/jacquet/JacquetDocs/Trabalho-final-java-2022.2/src/Interface_grafica/Buscar.java</file>
            <file>file:/home/jacquet/JacquetDocs/Trabalho-final-java-2022.2/src/Interface_grafica/removerPacienteTela.java</file>
            <file>file:/home/jacquet/JacquetDocs/Trabalho-final-java-2022.2/src/Interface_grafica/AgendaPacienteTela.java</file>
            <file>file:/home/jacquet/JacquetDocs/Trabalho-final-java-2022.2/src/Interface_grafica/UserLogin.java</file>
            <file>file:/home/jacquet/JacquetDocs/Trabalho-final-java-2022.2/src/Interface_grafica/BuscarAgendamento.java</file>
            <file>file:/home/jacquet/JacquetDocs/Trabalho-final-java-2022.2/src/Interface_grafica/DashboardLoginTela.java</file>
            <file>file:/home/jacquet/JacquetDocs/Trabalho-final-java-2022.2/src/org/netbeans/lib/awtextra/AbsoluteLayout.java</file>
        </group>
    </open-files>
</project-private>
