245425,grgreh,rghrwyh,ruyhrh,34
46462462,Lindy,sgsdgs,egwehwerh,123535
65478598714,verddd,bastidor,egyeytryuru,365444
65478975541,leme,jacquet ,rua chritophe,25/04/69
7025654,Jocemane,Eugène,Rua Quintino Bocaiuva 613E,12/12/2004
708397,jacquet,leme,Jacmel,1212121
70939725248,Lubin,Sebastião,Rua Senhora352,12/11/1998
77777,Ariel,Volor,palais national,ninguem sabe
80134407962,Gessica,Estephane,Brauilho muniz 860D,09/03/2005
ryyhtu,oopoupu,9999999,vbgggggg,dggggggggg
saffff,hgkohç,6698455666,jgk,56662
